Source;Target;Type
10.2.7.254;10.2.7.22;Undirected
10.2.3.249;10.2.3.8;Undirected
10.2.0.249;10.2.0.68;Undirected
10.2.6.254;10.2.6.19;Undirected
10.2.6.254;10.2.6.4;Undirected
10.2.2.10;10.2.2.9;Undirected
10.2.7.249;10.2.7.3;Undirected
10.2.5.254;10.2.5.7;Undirected
10.2.200.141;10.2.203.254;Undirected
10.2.1.254;10.2.1.20;Undirected
10.2.200.174;10.2.203.254;Undirected
10.2.5.254;10.2.5.8;Undirected
10.2.4.254;10.2.4.20;Undirected
10.2.5.254;10.2.5.10;Undirected
10.2.4.254;10.2.4.17;Undirected
10.2.3.254;10.2.3.2;Undirected
10.2.203.254;10.2.200.239;Undirected
10.2.7.19;10.2.7.250;Undirected
10.2.7.254;10.2.7.11;Undirected
0.0.0.0;10.2.201.157;Undirected
10.2.6.254;10.2.6.7;Undirected
10.2.2.249;10.2.2.10;Undirected
10.2.2.10;10.2.2.5;Undirected
10.2.1.249;10.2.1.9;Undirected
10.2.7.249;10.2.7.6;Undirected
10.2.5.254;10.2.5.2;Undirected
10.2.2.254;10.2.2.21;Undirected
10.2.0.254;10.2.0.10;Undirected
10.2.5.254;10.2.5.13;Undirected
10.2.3.254;10.2.3.7;Undirected
10.2.4.254;10.2.4.12;Undirected
10.2.2.10;10.2.2.6;Undirected
10.2.6.254;10.2.6.12;Undirected
10.2.2.254;10.2.2.16;Undirected
10.2.2.10;10.2.2.17;Undirected
10.2.1.13;10.2.1.250;Undirected
10.2.0.254;10.2.0.182;Undirected
10.2.5.254;10.2.5.1;Undirected
10.2.6.254;10.2.6.21;Undirected
10.2.3.249;10.2.3.3;Undirected
10.2.203.254;10.2.202.24;Undirected
10.2.4.254;10.2.4.2;Undirected
10.2.203.254;10.2.202.123;Undirected
10.2.0.201;10.2.0.254;Undirected
10.2.0.254;10.2.0.191;Undirected
10.2.7.254;10.2.7.1;Undirected
10.2.6.254;10.2.6.15;Undirected
10.2.1.254;10.2.1.8;Undirected
10.2.0.249;10.2.0.67;Undirected
10.2.201.5;10.2.203.254;Undirected
10.2.201.82;10.2.203.254;Undirected
10.2.2.10;10.2.2.14;Undirected
0.0.0.0;10.2.200.92;Undirected
10.2.5.254;10.2.5.14;Undirected
10.2.7.249;10.2.7.17;Undirected
10.2.3.249;10.2.3.6;Undirected
10.2.203.254;10.2.202.189;Undirected
10.2.7.249;10.2.7.23;Undirected
10.2.4.254;10.2.4.5;Undirected
10.2.202.122;10.2.203.254;Undirected
10.2.6.254;10.2.6.14;Undirected
10.2.203.254;10.2.201.23;Undirected
10.2.2.249;10.2.2.7;Undirected
10.2.6.254;10.2.6.18;Undirected
10.2.6.254;10.2.6.3;Undirected
10.2.1.254;10.2.1.7;Undirected
10.2.1.254;10.2.1.10;Undirected
10.2.0.249;10.2.0.64;Undirected
10.2.7.249;10.2.7.2;Undirected
10.2.5.254;10.2.5.6;Undirected
10.2.2.249;10.2.2.19;Undirected
10.2.203.254;10.2.200.94;Undirected
10.2.1.254;10.2.1.21;Undirected
10.2.7.5;10.2.7.254;Undirected
10.2.2.10;10.2.2.16;Undirected
10.2.4.254;10.2.4.21;Undirected
10.2.5.254;10.2.5.17;Undirected
10.2.201.157;169.254.255.255;Undirected
10.2.3.249;10.2.3.9;Undirected
10.2.7.249;10.2.7.20;Undirected
10.2.4.254;10.2.4.16;Undirected
10.2.2.18;10.2.2.249;Undirected
10.2.201.157;10.2.203.254;Undirected
10.2.7.5;10.2.7.249;Undirected
10.2.2.249;10.2.2.9;Undirected
10.2.7.249;10.2.7.8;Undirected
10.2.7.249;10.2.7.14;Undirected
10.2.2.249;10.2.2.13;Undirected
10.2.1.254;10.2.1.2;Undirected
10.2.203.254;10.2.200.120;Undirected
10.2.203.254;10.2.200.174;Undirected
10.2.5.254;10.2.5.5;Undirected
10.2.201.24;10.2.203.254;Undirected
10.2.2.10;10.2.2.3;Undirected
10.2.6.254;10.2.6.6;Undirected
10.2.3.254;10.2.3.6;Undirected
10.2.3.254;10.2.3.4;Undirected
10.2.6.254;10.2.6.11;Undirected
10.2.7.254;10.2.7.25;Undirected
10.2.7.254;10.2.7.13;Undirected
10.2.6.254;10.2.6.9;Undirected
10.2.2.249;10.2.2.16;Undirected
10.2.1.254;10.2.1.1;Undirected
10.2.6.249;10.2.6.8;Undirected
10.2.203.254;10.2.202.227;Undirected
10.2.3.249;10.2.3.2;Undirected
10.2.0.3;10.2.0.2;Undirected
10.2.4.254;10.2.4.1;Undirected
10.2.1.249;10.2.1.15;Undirected
10.2.2.14;10.2.2.254;Undirected
10.2.7.254;10.2.7.21;Undirected
10.2.3.249;10.2.3.5;Undirected
10.2.0.254;10.2.0.190;Undirected
10.2.203.112;10.2.203.254;Undirected
10.2.1.249;10.2.1.4;Undirected
10.2.1.249;10.2.1.18;Undirected
10.2.5.254;10.2.5.20;Undirected
10.2.7.254;10.2.7.16;Undirected
10.2.5.254;10.2.5.21;Undirected
10.2.2.254;10.2.2.2;Undirected
10.2.1.254;10.2.1.19;Undirected
10.2.203.254;10.2.203.21;Undirected
10.2.2.254;10.2.2.11;Undirected
10.2.6.254;10.2.6.23;Undirected
10.2.4.254;10.2.4.4;Undirected
10.2.7.249;10.2.7.24;Undirected
10.2.5.254;10.2.5.18;Undirected
10.2.3.230;10.2.3.249;Undirected
10.2.0.254;10.2.0.193;Undirected
10.2.200.120;10.2.203.254;Undirected
10.2.203.254;10.2.202.52;Undirected
10.2.203.254;10.2.201.24;Undirected
10.2.203.81;10.2.203.254;Undirected
10.2.6.254;10.2.6.17;Undirected
10.2.7.249;10.2.7.10;Undirected
10.2.2.19;10.2.2.254;Undirected
10.2.1.254;10.2.1.6;Undirected
10.2.1.254;10.2.1.17;Undirected
10.2.0.249;10.2.0.65;Undirected
10.2.5.254;10.2.5.22;Undirected
10.2.203.254;10.2.202.252;Undirected
10.2.0.5;10.2.2.19;Undirected
10.2.203.254;10.2.200.127;Undirected
10.2.0.254;10.2.0.185;Undirected
10.2.2.254;10.2.2.14;Undirected
10.2.5.254;10.2.5.16;Undirected
10.2.6.254;10.2.6.24;Undirected
10.2.200.210;10.2.203.254;Undirected
10.2.1.3;10.2.1.250;Undirected
10.2.6.254;10.2.6.22;Undirected
10.2.2.10;10.2.2.4;Undirected
10.2.202.8;10.2.203.254;Undirected
10.2.2.249;10.2.2.8;Undirected
10.2.2.18;10.2.2.254;Undirected
10.2.6.254;10.2.6.5;Undirected
10.2.1.254;10.2.1.5;Undirected
10.2.1.254;10.2.1.12;Undirected
10.2.2.10;10.2.2.13;Undirected
10.2.7.249;10.2.7.4;Undirected
10.2.0.5;10.2.2.14;Undirected
10.2.2.10;10.2.2.7;Undirected
10.2.2.14;10.2.2.249;Undirected
10.2.5.254;10.2.5.9;Undirected
10.2.4.254;10.2.4.23;Undirected
10.2.5.254;10.2.5.11;Undirected
10.2.5.254;10.2.5.19;Undirected
10.2.2.10;10.2.2.8;Undirected
10.2.4.254;10.2.4.10;Undirected
10.2.7.254;10.2.7.2;Undirected
10.2.200.62;10.2.203.254;Undirected
10.2.203.254;10.2.200.62;Undirected
10.2.2.249;10.2.2.6;Undirected
10.2.6.254;10.2.6.10;Undirected
10.2.203.70;10.2.203.254;Undirected
10.2.2.10;10.2.2.2;Undirected
10.2.7.254;10.2.7.12;Undirected
10.2.2.10;10.2.2.15;Undirected
10.2.6.254;10.2.6.2;Undirected
10.2.201.109;10.2.203.254;Undirected
10.2.7.249;10.2.7.7;Undirected
10.2.201.234;10.2.203.254;Undirected
10.2.2.254;10.2.2.20;Undirected
10.2.3.249;10.2.3.10;Undirected
10.2.4.254;10.2.4.24;Undirected
10.2.2.19;10.2.2.249;Undirected
10.2.1.249;10.2.1.14;Undirected
10.2.6.254;10.2.6.13;Undirected
10.2.7.254;10.2.7.15;Undirected
10.2.7.249;10.2.7.19;Undirected
10.2.203.254;10.2.203.155;Undirected
10.2.2.254;10.2.2.1;Undirected
10.2.2.10;10.2.2.12;Undirected
10.2.0.254;10.2.0.181;Undirected
10.2.203.254;10.2.200.184;Undirected
10.2.3.249;10.2.3.1;Undirected
10.2.203.254;10.2.203.45;Undirected
10.2.6.254;10.2.6.20;Undirected
10.2.202.33;10.2.203.254;Undirected
10.2.2.254;10.2.2.17;Undirected
10.2.4.254;10.2.4.19;Undirected
10.2.200.40;10.2.203.254;Undirected
10.2.4.254;10.2.4.3;Undirected
10.2.200.14;10.2.203.254;Undirected
10.2.5.254;10.2.5.24;Undirected
10.2.6.254;10.2.6.16;Undirected
10.2.203.254;10.2.201.109;Undirected
10.2.1.254;10.2.1.9;Undirected
10.2.1.254;10.2.1.16;Undirected
10.2.7.254;10.2.7.18;Undirected
10.2.0.201;10.2.0.9;Undirected
10.2.5.254;10.2.5.23;Undirected
10.2.0.5;10.2.2.18;Undirected
10.2.7.254;10.2.7.9;Undirected
10.2.0.254;10.2.0.186;Undirected
10.2.4.254;10.2.4.9;Undirected
10.2.2.10;10.2.2.18;Undirected
10.2.4.254;10.2.4.6;Undirected
10.2.203.254;10.2.201.163;Undirected
10.2.203.254;10.2.203.112;Undirected
10.2.200.92;10.2.203.254;Undirected
10.2.203.254;10.2.201.157;Undirected
